round,accuracy
1,0.65234375
2,0.6484375
3,0.6484375
4,0.65234375
5,0.65234375
