round,accuracy
1,0.33203125
2,0.34765625
3,0.71484375
4,0.70703125
5,0.69140625
