round,epsilon
1,3.383194626420145
2,3.383194626420145
3,3.383194626420145
4,3.383194626420145
5,3.383194626420145
