round,accuracy
1,0.6796875
2,0.69140625
3,0.703125
4,0.76171875
5,0.7734375
