round,accuracy
1,0.34375
2,0.47265625
3,0.69140625
4,0.671875
5,0.66796875
