round,accuracy
1,0.6346153846153847
2,0.6666666666666666
3,0.6666666666666666
4,0.6923076923076922
5,0.7051282051282052
