round,accuracy
1,0.6346153846153846
2,0.641025641025641
3,0.641025641025641
4,0.641025641025641
5,0.641025641025641
