round,accuracy
1,0.33203125
2,0.33203125
3,0.3359375
4,0.33984375
5,0.34375
