round,accuracy
1,0.33203125
2,0.33203125
3,0.36328125
4,0.53125
5,0.75
