round,epsilon
1,4.997066815053683
2,4.997066815053683
3,4.997066815053683
4,4.997066815053683
5,4.997066815053683
