round,accuracy
1,0.66796875
2,0.66796875
3,0.67578125
4,0.7421875
5,0.77734375
