round,accuracy
1,0.65234375
2,0.65625
3,0.65625
4,0.65625
5,0.6640625
