round,accuracy
1,0.65234375
2,0.65234375
3,0.65234375
4,0.65234375
5,0.65234375
