round,epsilon
1,4.99250707394892
2,4.99250707394892
3,4.99250707394892
4,4.99250707394892
5,4.99250707394892
