round,accuracy
1,0.5321637426900585
2,0.6111111111111112
3,0.7105263157894737
4,0.783625730994152
5,0.827485380116959
