round,accuracy
1,0.8450292397660819
2,0.8596491228070176
3,0.8830409356725146
4,0.9005847953216374
5,0.8976608187134503
